{
  "HTTP Request-1" : {
    "transaction" : "HTTP Request-1",
    "sampleCount" : 250000,
    "errorCount" : 0,
    "errorPct" : 0.0,
    "meanResTime" : 236.31976799999325,
    "medianResTime" : 162.0,
    "minResTime" : 0.0,
    "maxResTime" : 4306.0,
    "pct1ResTime" : 183.0,
    "pct2ResTime" : 187.0,
    "pct3ResTime" : 238.0,
    "throughput" : 1076.0278217753598,
    "receivedKBytesPerSec" : 3990.3188768098785,
    "sentKBytesPerSec" : 137.65590298102748
  },
  "Total" : {
    "transaction" : "Total",
    "sampleCount" : 750000,
    "errorCount" : 40506,
    "errorPct" : 5.4008,
    "meanResTime" : 300.70751733333174,
    "medianResTime" : 125.0,
    "minResTime" : 0.0,
    "maxResTime" : 4446.0,
    "pct1ResTime" : 268.0,
    "pct2ResTime" : 283.0,
    "pct3ResTime" : 292.0,
    "throughput" : 3225.903575591523,
    "receivedKBytesPerSec" : 8206.270255986203,
    "sentKBytesPerSec" : 642.6604779498738
  },
  "HTTP Request-0" : {
    "transaction" : "HTTP Request-0",
    "sampleCount" : 250000,
    "errorCount" : 0,
    "errorPct" : 0.0,
    "meanResTime" : 214.72982799999852,
    "medianResTime" : 162.0,
    "minResTime" : 0.0,
    "maxResTime" : 1674.0,
    "pct1ResTime" : 183.0,
    "pct2ResTime" : 188.0,
    "pct3ResTime" : 239.0,
    "throughput" : 1075.3058169743474,
    "receivedKBytesPerSec" : 115.51136705779125,
    "sentKBytesPerSec" : 183.76808395557697
  },
  "HTTP Request" : {
    "transaction" : "HTTP Request",
    "sampleCount" : 250000,
    "errorCount" : 40506,
    "errorPct" : 16.2024,
    "meanResTime" : 451.0729559999921,
    "medianResTime" : 326.0,
    "minResTime" : 1.0,
    "maxResTime" : 4446.0,
    "pct1ResTime" : 362.0,
    "pct2ResTime" : 367.0,
    "pct3ResTime" : 433.9900000000016,
    "throughput" : 1075.301191863841,
    "receivedKBytesPerSec" : 4103.135127993101,
    "sentKBytesPerSec" : 321.3302389749369
  }
}