{
  "HTTP Request-1" : {
    "transaction" : "HTTP Request-1",
    "sampleCount" : 250000,
    "errorCount" : 0,
    "errorPct" : 0.0,
    "meanResTime" : 160.28903200000312,
    "medianResTime" : 111.0,
    "minResTime" : 1.0,
    "maxResTime" : 1146.0,
    "pct1ResTime" : 134.0,
    "pct2ResTime" : 138.0,
    "pct3ResTime" : 227.0,
    "throughput" : 1513.7295268081498,
    "receivedKBytesPerSec" : 5613.482646983137,
    "sentKBytesPerSec" : 195.12919681511306
  },
  "Total" : {
    "transaction" : "Total",
    "sampleCount" : 750000,
    "errorCount" : 20666,
    "errorPct" : 2.7554667,
    "meanResTime" : 211.58126399999443,
    "medianResTime" : 79.0,
    "minResTime" : 1.0,
    "maxResTime" : 1690.0,
    "pct1ResTime" : 178.0,
    "pct2ResTime" : 196.0,
    "pct3ResTime" : 204.0,
    "throughput" : 4539.044863919436,
    "receivedKBytesPerSec" : 11546.727291915053,
    "sentKBytesPerSec" : 910.1730586505117
  },
  "HTTP Request-0" : {
    "transaction" : "HTTP Request-0",
    "sampleCount" : 250000,
    "errorCount" : 0,
    "errorPct" : 0.0,
    "meanResTime" : 157.04410399999847,
    "medianResTime" : 111.0,
    "minResTime" : 1.0,
    "maxResTime" : 990.0,
    "pct1ResTime" : 134.0,
    "pct2ResTime" : 138.0,
    "pct3ResTime" : 208.0,
    "throughput" : 1513.0332685755095,
    "receivedKBytesPerSec" : 162.5328706477598,
    "sentKBytesPerSec" : 260.0525930364157
  },
  "HTTP Request" : {
    "transaction" : "HTTP Request",
    "sampleCount" : 250000,
    "errorCount" : 20666,
    "errorPct" : 8.2664,
    "meanResTime" : 317.4106559999976,
    "medianResTime" : 230.0,
    "minResTime" : 3.0,
    "maxResTime" : 1690.0,
    "pct1ResTime" : 251.0,
    "pct2ResTime" : 260.0,
    "pct3ResTime" : 392.9900000000016,
    "throughput" : 1513.0149546398118,
    "receivedKBytesPerSec" : 5773.363645957526,
    "sentKBytesPerSec" : 455.08652932525587
  }
}