{
  "HTTP Request-1" : {
    "transaction" : "HTTP Request-1",
    "sampleCount" : 250000,
    "errorCount" : 0,
    "errorPct" : 0.0,
    "meanResTime" : 135.22410000000482,
    "medianResTime" : 99.0,
    "minResTime" : 0.0,
    "maxResTime" : 973.0,
    "pct1ResTime" : 112.0,
    "pct2ResTime" : 115.0,
    "pct3ResTime" : 153.0,
    "throughput" : 1784.0831240009134,
    "receivedKBytesPerSec" : 6616.056224041591,
    "sentKBytesPerSec" : 226.49492785167848
  },
  "Total" : {
    "transaction" : "Total",
    "sampleCount" : 750000,
    "errorCount" : 9194,
    "errorPct" : 1.2258667,
    "meanResTime" : 179.06013599999704,
    "medianResTime" : 77.0,
    "minResTime" : 0.0,
    "maxResTime" : 1294.0,
    "pct1ResTime" : 155.0,
    "pct2ResTime" : 173.0,
    "pct3ResTime" : 179.0,
    "throughput" : 5348.7758435019505,
    "receivedKBytesPerSec" : 13606.575361577248,
    "sentKBytesPerSec" : 1058.6118856930943
  },
  "HTTP Request-0" : {
    "transaction" : "HTTP Request-0",
    "sampleCount" : 250000,
    "errorCount" : 0,
    "errorPct" : 0.0,
    "meanResTime" : 133.35421199999806,
    "medianResTime" : 99.0,
    "minResTime" : 0.0,
    "maxResTime" : 734.0,
    "pct1ResTime" : 112.0,
    "pct2ResTime" : 115.0,
    "pct3ResTime" : 153.0,
    "throughput" : 1782.937996548232,
    "receivedKBytesPerSec" : 191.52654259795463,
    "sentKBytesPerSec" : 302.96016738221914
  },
  "HTTP Request" : {
    "transaction" : "HTTP Request",
    "sampleCount" : 250000,
    "errorCount" : 9194,
    "errorPct" : 3.6776,
    "meanResTime" : 268.60209600000275,
    "medianResTime" : 199.0,
    "minResTime" : 0.0,
    "maxResTime" : 1294.0,
    "pct1ResTime" : 220.0,
    "pct2ResTime" : 224.0,
    "pct3ResTime" : 277.0,
    "throughput" : 1782.9252811673168,
    "receivedKBytesPerSec" : 6803.287680788624,
    "sentKBytesPerSec" : 529.3059428465472
  }
}